{
  "loss": [
    0.9807220697402954,
    0.6380975246429443,
    0.3692999482154846,
    0.14858019351959229,
    0.08746564388275146,
    0.08222538977861404,
    0.067796491086483,
    0.05626782402396202
  ],
  "accuracy": [
    0.5331797003746033,
    0.7027753591537476,
    0.9134735465049744,
    0.9770479202270508,
    0.9875156283378601,
    0.9850187301635742,
    0.9897243976593018,
    0.9919331669807434
  ],
  "val_loss": [
    0.7451550960540771,
    0.5709506869316101,
    0.16673539578914642,
    0.08999064564704895,
    0.05361010879278183,
    0.0544586181640625,
    0.06750761717557907,
    0.06492243707180023
  ],
  "val_accuracy": [
    0.6649395227432251,
    0.6597582101821899,
    0.9749568104743958,
    0.9827288389205933,
    0.9896373152732849,
    0.9913644194602966,
    0.9879102110862732,
    0.9879102110862732
  ],
  "lr": [
    0.0010000000474974513,
    0.0010000000474974513,
    0.0010000000474974513,
    0.0010000000474974513,
    0.0010000000474974513,
    0.0010000000474974513,
    0.0010000000474974513,
    0.0005000000237487257
  ]
}