{
  "loss": [
    0.9414926171302795,
    0.5375291705131531,
    0.48159268498420715,
    0.47539010643959045,
    0.4688624441623688,
    0.4674988389015198,
    0.48465901613235474,
    0.3900913894176483,
    0.11604490876197815,
    0.06326913088560104,
    0.03598714619874954,
    0.019199497997760773,
    0.016057511791586876,
    0.012109625153243542,
    0.013684125617146492,
    0.01150953397154808
  ],
  "accuracy": [
    0.5424949526786804,
    0.6640737652778625,
    0.6683952808380127,
    0.6671468615531921,
    0.6641697883605957,
    0.6554307341575623,
    0.6607125997543335,
    0.8779410123825073,
    0.9814654588699341,
    0.9903966188430786,
    0.9953903555870056,
    0.998367428779602,
    0.9985594749450684,
    0.9988476037979126,
    0.9981753826141357,
    0.998367428779602
  ],
  "val_loss": [
    0.5955175161361694,
    0.47953593730926514,
    0.4706133008003235,
    0.46455806493759155,
    0.4632056653499603,
    0.4626571238040924,
    0.512651801109314,
    0.16646407544612885,
    0.053798872977495193,
    0.03569755703210831,
    0.03059912659227848,
    0.02905374951660633,
    0.019554143771529198,
    0.021561872214078903,
    0.024680526927113533,
    0.034975338727235794
  ],
  "val_accuracy": [
    0.6658031344413757,
    0.6666666865348816,
    0.6658031344413757,
    0.6666666865348816,
    0.6666666865348816,
    0.6666666865348816,
    0.723661482334137,
    0.9671847820281982,
    0.988773763179779,
    0.9922279715538025,
    0.9939550757408142,
    0.9948186278343201,
    0.9974093437194824,
    0.9965457916259766,
    0.9956822395324707,
    0.9956822395324707
  ],
  "lr": [
    0.0010000000474974513,
    0.0010000000474974513,
    0.0010000000474974513,
    0.0010000000474974513,
    0.0010000000474974513,
    0.0010000000474974513,
    0.0010000000474974513,
    0.0010000000474974513,
    0.0010000000474974513,
    0.0010000000474974513,
    0.0010000000474974513,
    0.0010000000474974513,
    0.0010000000474974513,
    0.0010000000474974513,
    0.0010000000474974513,
    0.0005000000237487257
  ]
}