{
  "version": "20260217_112029",
  "created_at": "2026-02-17T11:20:29.879542",
  "model_name": "lstm",
  "parameters": {
    "lstm_units": 128,
    "dropout": 0.5,
    "recurrent_dropout": 0.2,
    "dense_units": 64,
    "learning_rate": 0.001,
    "batch_size": 64,
    "epochs": 20,
    "embedding_dim": 100,
    "use_attention": true,
    "use_pretrained_embeddings": false
  },
  "metrics": {
    "accuracy": 0.994469404220581,
    "loss": 0.029747219756245613,
    "precision": 0.9944820681650075,
    "recall": 0.9944694089180781,
    "f1_score": 0.9944693375003214,
    "val_accuracy": 0.9974093437194824,
    "val_loss": 0.019554143771529198,
    "confusion_matrix": [
      [
        952,
        11,
        0
      ],
      [
        5,
        960,
        0
      ],
      [
        0,
        0,
        965
      ]
    ]
  },
  "is_production": false
}