{
  "version": "20260217_084957",
  "created_at": "2026-02-17T08:49:59.916673",
  "model_name": "lstm",
  "parameters": {
    "lstm_units": 128,
    "dropout": 0.5,
    "recurrent_dropout": 0.2,
    "dense_units": 64,
    "learning_rate": 0.001,
    "batch_size": 64,
    "epochs": 20,
    "embedding_dim": 100,
    "use_attention": true,
    "use_pretrained_embeddings": false
  },
  "metrics": {
    "accuracy": 0.9882475137710571,
    "loss": 0.06723912060260773,
    "precision": 0.9882374137080578,
    "recall": 0.988247493950916,
    "f1_score": 0.9882417434078867,
    "val_accuracy": 0.9913644194602966,
    "val_loss": 0.05361010879278183,
    "confusion_matrix": [
      [
        945,
        16,
        2
      ],
      [
        16,
        949,
        0
      ],
      [
        0,
        0,
        965
      ]
    ]
  },
  "is_production": true
}