{
  "accuracy": 0.9882475137710571,
  "loss": 0.06723912060260773,
  "precision": 0.9882374137080578,
  "recall": 0.988247493950916,
  "f1_score": 0.9882417434078867,
  "val_accuracy": 0.9913644194602966,
  "val_loss": 0.05361010879278183,
  "confusion_matrix": [
    [
      945,
      16,
      2
    ],
    [
      16,
      949,
      0
    ],
    [
      0,
      0,
      965
    ]
  ]
}