{
  "accuracy": 0.9754580020739717,
  "precision": 0.9754612491934255,
  "recall": 0.9754580020739717,
  "f1_score": 0.9754206426538115,
  "log_likelihood": -149680.7151099275
}