{
  "accuracy": 0.9975803664016591,
  "precision": 0.9975892787425522,
  "recall": 0.9975803664016591,
  "f1_score": 0.9975803566376573,
  "confusion_matrix": [
    [
      962,
      1,
      0
    ],
    [
      6,
      959,
      0
    ],
    [
      0,
      0,
      965
    ]
  ],
  "classes": [
    "legitimate",
    "phishing",
    "promotional"
  ],
  "best_cv_score": 0.9965429687548643,
  "best_params": {
    "C": 1.0,
    "class_weight": "balanced",
    "gamma": "scale",
    "kernel": "rbf"
  }
}