{
  "accuracy": 0.9944694089180781,
  "precision": 0.9944672567528168,
  "recall": 0.9944694089180781,
  "f1_score": 0.9944681544791952
}